{"UUID":"8LdHBz3UzfMTAbFS8Oan4f","layoutMainAxisSizing":null,"layoutCrossAxisSizing":null,"name":"Parabeac Theming - Material 2 (Free) (Copy) (Copy)","isVisible":true,"boundaryRectangle":null,"style":null,"prototypeNodeUUID":null,"child":null,"constraints":null,"debug":false,"pngPath":"/usr/src/app/temp-out/pb-tmp-6422baf6-8c93-48cd-956c-df37d04f02b5/butter/lib/assets/images","pages":[{"UUID":"0:1","layoutMainAxisSizing":null,"layoutCrossAxisSizing":null,"name":"Cover","isVisible":true,"boundaryRectangle":null,"style":null,"prototypeNodeUUID":null,"child":null,"constraints":null,"convert":true,"screens":[],"pbdlType":"page"},{"UUID":"4:2","layoutMainAxisSizing":null,"layoutCrossAxisSizing":null,"name":"Material 2 -- Color Schemes Free","isVisible":true,"boundaryRectangle":null,"style":null,"prototypeNodeUUID":null,"child":null,"constraints":null,"convert":true,"screens":[],"pbdlType":"page"}],"miscPages":[],"sharedStyles":[],"globalStyles":{"UUID":"","layoutMainAxisSizing":null,"layoutCrossAxisSizing":null,"name":"","isVisible":false,"boundaryRectangle":null,"style":null,"prototypeNodeUUID":null,"child":null,"constraints":null,"pbdlType":"global_styles","designSystem":"material","colors":[],"textStyles":[],"themeColors":[{"UUID":"6:15","layoutMainAxisSizing":null,"layoutCrossAxisSizing":null,"name":"light/onPrimary","isVisible":false,"boundaryRectangle":null,"style":null,"prototypeNodeUUID":null,"child":null,"constraints":null,"description":"","pbdlType":"global_color","color":{"a":1.0,"r":0.9541666507720947,"g":0.6405811309814453,"b":0.5009374618530273},"colorScheme":"light"},{"UUID":"13:3","layoutMainAxisSizing":null,"layoutCrossAxisSizing":null,"name":"light/primary","isVisible":false,"boundaryRectangle":null,"style":null,"prototypeNodeUUID":null,"child":null,"constraints":null,"description":"","pbdlType":"global_color","color":{"a":1.0,"r":0.8901960849761963,"g":0.38823530077934265,"b":0.16470588743686676},"colorScheme":"light"},{"UUID":"13:6","layoutMainAxisSizing":null,"layoutCrossAxisSizing":null,"name":"light/primaryContainer","isVisible":false,"boundaryRectangle":null,"style":null,"prototypeNodeUUID":null,"child":null,"constraints":null,"description":"","pbdlType":"global_color","color":{"a":1.0,"r":0.9529411792755127,"g":0.6470588445663452,"b":0.23137255012989044},"colorScheme":"light"},{"UUID":"13:8","layoutMainAxisSizing":null,"layoutCrossAxisSizing":null,"name":"light/secondary","isVisible":false,"boundaryRectangle":null,"style":null,"prototypeNodeUUID":null,"child":null,"constraints":null,"description":"","pbdlType":"global_color","color":{"a":1.0,"r":0.22745098173618317,"g":0.45098039507865906,"b":0.800000011920929},"colorScheme":"light"},{"UUID":"13:13","layoutMainAxisSizing":null,"layoutCrossAxisSizing":null,"name":"light/onSecondary","isVisible":false,"boundaryRectangle":null,"style":null,"prototypeNodeUUID":null,"child":null,"constraints":null,"description":"","pbdlType":"global_color","color":{"a":1.0,"r":0.3973958194255829,"g":0.5838577151298523,"b":0.875},"colorScheme":"light"},{"UUID":"13:21","layoutMainAxisSizing":null,"layoutCrossAxisSizing":null,"name":"light/onPrimaryContainer","isVisible":false,"boundaryRectangle":null,"style":null,"prototypeNodeUUID":null,"child":null,"constraints":null,"description":"","pbdlType":"global_color","color":{"a":1.0,"r":0.9458333253860474,"g":0.7804409861564636,"b":0.555677056312561},"colorScheme":"light"},{"UUID":"13:22","layoutMainAxisSizing":null,"layoutCrossAxisSizing":null,"name":"light/secondaryContainer","isVisible":false,"boundaryRectangle":null,"style":null,"prototypeNodeUUID":null,"child":null,"constraints":null,"description":"","pbdlType":"global_color","color":{"a":1.0,"r":0.2862745225429535,"g":0.5764706134796143,"b":0.9333333373069763},"colorScheme":"light"},{"UUID":"13:27","layoutMainAxisSizing":null,"layoutCrossAxisSizing":null,"name":"light/onSecondaryContainer","isVisible":false,"boundaryRectangle":null,"style":null,"prototypeNodeUUID":null,"child":null,"constraints":null,"description":"","pbdlType":"global_color","color":{"a":1.0,"r":0.4712499976158142,"g":0.693436861038208,"b":0.9666666388511658},"colorScheme":"light"},{"UUID":"16:245","layoutMainAxisSizing":null,"layoutCrossAxisSizing":null,"name":"dark/primary","isVisible":false,"boundaryRectangle":null,"style":null,"prototypeNodeUUID":null,"child":null,"constraints":null,"description":"","pbdlType":"global_color","color":{"a":1.0,"r":1.0,"g":0.5733334422111511,"b":0.38333332538604736},"colorScheme":"dark"},{"UUID":"16:246","layoutMainAxisSizing":null,"layoutCrossAxisSizing":null,"name":"dark/onPrimary","isVisible":false,"boundaryRectangle":null,"style":null,"prototypeNodeUUID":null,"child":null,"constraints":null,"description":"","pbdlType":"global_color","color":{"a":1.0,"r":0.7166666388511658,"g":0.3365105986595154,"b":0.16722220182418823},"colorScheme":"dark"},{"UUID":"16:247","layoutMainAxisSizing":null,"layoutCrossAxisSizing":null,"name":"dark/primaryContainer","isVisible":false,"boundaryRectangle":null,"style":null,"prototypeNodeUUID":null,"child":null,"constraints":null,"description":"","pbdlType":"global_color","color":{"a":1.0,"r":0.7875000238418579,"g":0.3516082167625427,"b":0.15749996900558472},"colorScheme":"dark"},{"UUID":"16:248","layoutMainAxisSizing":null,"layoutCrossAxisSizing":null,"name":"dark/onPrimaryContainer","isVisible":false,"boundaryRectangle":null,"style":null,"prototypeNodeUUID":null,"child":null,"constraints":null,"description":"","pbdlType":"global_color","color":{"a":1.0,"r":0.48750001192092896,"g":0.21301621198654175,"b":0.08937498927116394},"colorScheme":"dark"},{"UUID":"16:249","layoutMainAxisSizing":null,"layoutCrossAxisSizing":null,"name":"dark/secondary","isVisible":false,"boundaryRectangle":null,"style":null,"prototypeNodeUUID":null,"child":null,"constraints":null,"description":"","pbdlType":"global_color","color":{"a":1.0,"r":0.32663536071777344,"g":0.917404055595398,"b":0.4211583733558655},"colorScheme":"dark"},{"UUID":"16:250","layoutMainAxisSizing":null,"layoutCrossAxisSizing":null,"name":"dark/onSecondary","isVisible":false,"boundaryRectangle":null,"style":null,"prototypeNodeUUID":null,"child":null,"constraints":null,"description":"","pbdlType":"global_color","color":{"a":1.0,"r":0.04636120796203613,"g":0.4226782023906708,"b":0.10657193511724472},"colorScheme":"dark"},{"UUID":"16:251","layoutMainAxisSizing":null,"layoutCrossAxisSizing":null,"name":"dark/secondaryContainer","isVisible":false,"boundaryRectangle":null,"style":null,"prototypeNodeUUID":null,"child":null,"constraints":null,"description":"","pbdlType":"global_color","color":{"a":1.0,"r":0.09479427337646484,"g":0.7409408092498779,"b":0.702172040939331},"colorScheme":"dark"},{"UUID":"16:252","layoutMainAxisSizing":null,"layoutCrossAxisSizing":null,"name":"dark/onSecondaryContainer","isVisible":false,"boundaryRectangle":null,"style":null,"prototypeNodeUUID":null,"child":null,"constraints":null,"description":"","pbdlType":"global_color","color":{"a":1.0,"r":0.03923743963241577,"g":0.31316429376602173,"b":0.2967287302017212},"colorScheme":"dark"},{"UUID":"719:4","layoutMainAxisSizing":null,"layoutCrossAxisSizing":null,"name":"light/shadow","isVisible":false,"boundaryRectangle":null,"style":null,"prototypeNodeUUID":null,"child":null,"constraints":null,"description":"","pbdlType":"global_color","color":{"a":1.0,"r":0.6333333253860474,"g":0.6333333253860474,"b":0.6333333253860474},"colorScheme":"light"},{"UUID":"719:5","layoutMainAxisSizing":null,"layoutCrossAxisSizing":null,"name":"dark/shadow","isVisible":false,"boundaryRectangle":null,"style":null,"prototypeNodeUUID":null,"child":null,"constraints":null,"description":"","pbdlType":"global_color","color":{"a":1.0,"r":0.34166666865348816,"g":0.34166666865348816,"b":0.34166666865348816},"colorScheme":"dark"}],"themeTextStyles":[{"UUID":"20:56","layoutMainAxisSizing":null,"layoutCrossAxisSizing":null,"name":"headline1","isVisible":false,"boundaryRectangle":null,"style":null,"prototypeNodeUUID":null,"child":null,"constraints":null,"description":"","pbdlType":"global_text_style","textStyle":{"UUID":"","layoutMainAxisSizing":null,"layoutCrossAxisSizing":null,"name":"","isVisible":false,"boundaryRectangle":null,"style":null,"prototypeNodeUUID":"","child":null,"constraints":null,"fontFamily":"Inter","fontPostScriptName":null,"paragraphSpacing":0,"paragraphIndent":0,"listSpacing":0,"italics":null,"fontWeight":300,"fontSize":96.0,"textCase":"ORIGINAL","textDecoration":"NONE","textAutoResize":"WIDTH_AND_HEIGHT","textAlignHorizontal":"LEFT","textAlignVertical":"TOP","letterSpacing":-1.5,"fills":null,"hyperLink":null,"opentypeFlags":{},"lineHeightPx":112.0,"lineHeightPercent":96.40062713623047,"lineHeightPercentFontSize":116.66666412353516,"lineHeightUnit":"PIXELS","pbdlType":"text_style"}},{"UUID":"20:57","layoutMainAxisSizing":null,"layoutCrossAxisSizing":null,"name":"headline2","isVisible":false,"boundaryRectangle":null,"style":null,"prototypeNodeUUID":null,"child":null,"constraints":null,"description":"","pbdlType":"global_text_style","textStyle":{"UUID":"","layoutMainAxisSizing":null,"layoutCrossAxisSizing":null,"name":"","isVisible":false,"boundaryRectangle":null,"style":null,"prototypeNodeUUID":"","child":null,"constraints":null,"fontFamily":"Inter","fontPostScriptName":null,"paragraphSpacing":0,"paragraphIndent":0,"listSpacing":0,"italics":null,"fontWeight":300,"fontSize":60.0,"textCase":"ORIGINAL","textDecoration":"NONE","textAutoResize":"WIDTH_AND_HEIGHT","textAlignHorizontal":"LEFT","textAlignVertical":"TOP","letterSpacing":-0.5,"fills":null,"hyperLink":null,"opentypeFlags":{},"lineHeightPx":72.0,"lineHeightPercent":99.15493774414062,"lineHeightPercentFontSize":120.0,"lineHeightUnit":"PIXELS","pbdlType":"text_style"}},{"UUID":"20:58","layoutMainAxisSizing":null,"layoutCrossAxisSizing":null,"name":"headline3","isVisible":false,"boundaryRectangle":null,"style":null,"prototypeNodeUUID":null,"child":null,"constraints":null,"description":"","pbdlType":"global_text_style","textStyle":{"UUID":"","layoutMainAxisSizing":null,"layoutCrossAxisSizing":null,"name":"","isVisible":false,"boundaryRectangle":null,"style":null,"prototypeNodeUUID":"","child":null,"constraints":null,"fontFamily":"Inter","fontPostScriptName":null,"paragraphSpacing":0,"paragraphIndent":0,"listSpacing":0,"italics":null,"fontWeight":400,"fontSize":48.0,"textCase":"ORIGINAL","textDecoration":"NONE","textAutoResize":"WIDTH_AND_HEIGHT","textAlignHorizontal":"LEFT","textAlignVertical":"TOP","letterSpacing":0.0,"fills":null,"hyperLink":null,"opentypeFlags":{},"lineHeightPx":56.0,"lineHeightPercent":96.40062713623047,"lineHeightPercentFontSize":116.66666412353516,"lineHeightUnit":"PIXELS","pbdlType":"text_style"}},{"UUID":"20:59","layoutMainAxisSizing":null,"layoutCrossAxisSizing":null,"name":"headline4","isVisible":false,"boundaryRectangle":null,"style":null,"prototypeNodeUUID":null,"child":null,"constraints":null,"description":"","pbdlType":"global_text_style","textStyle":{"UUID":"","layoutMainAxisSizing":null,"layoutCrossAxisSizing":null,"name":"","isVisible":false,"boundaryRectangle":null,"style":null,"prototypeNodeUUID":"","child":null,"constraints":null,"fontFamily":"Inter","fontPostScriptName":null,"paragraphSpacing":0,"paragraphIndent":0,"listSpacing":0,"italics":null,"fontWeight":400,"fontSize":34.0,"textCase":"ORIGINAL","textDecoration":"NONE","textAutoResize":"WIDTH_AND_HEIGHT","textAlignHorizontal":"LEFT","textAlignVertical":"TOP","letterSpacing":0.0,"fills":null,"hyperLink":null,"opentypeFlags":{},"lineHeightPx":36.0,"lineHeightPercent":87.48963928222656,"lineHeightPercentFontSize":105.88235473632812,"lineHeightUnit":"PIXELS","pbdlType":"text_style"}},{"UUID":"20:60","layoutMainAxisSizing":null,"layoutCrossAxisSizing":null,"name":"headline5","isVisible":false,"boundaryRectangle":null,"style":null,"prototypeNodeUUID":null,"child":null,"constraints":null,"description":"","pbdlType":"global_text_style","textStyle":{"UUID":"","layoutMainAxisSizing":null,"layoutCrossAxisSizing":null,"name":"","isVisible":false,"boundaryRectangle":null,"style":null,"prototypeNodeUUID":"","child":null,"constraints":null,"fontFamily":"Inter","fontPostScriptName":null,"paragraphSpacing":0,"paragraphIndent":0,"listSpacing":0,"italics":null,"fontWeight":400,"fontSize":24.0,"textCase":"ORIGINAL","textDecoration":"NONE","textAutoResize":"WIDTH_AND_HEIGHT","textAlignHorizontal":"LEFT","textAlignVertical":"TOP","letterSpacing":0.18000000715255737,"fills":null,"hyperLink":null,"opentypeFlags":{},"lineHeightPx":24.0,"lineHeightPercent":82.62910461425781,"lineHeightPercentFontSize":100.0,"lineHeightUnit":"PIXELS","pbdlType":"text_style"}},{"UUID":"20:61","layoutMainAxisSizing":null,"layoutCrossAxisSizing":null,"name":"headline6","isVisible":false,"boundaryRectangle":null,"style":null,"prototypeNodeUUID":null,"child":null,"constraints":null,"description":"","pbdlType":"global_text_style","textStyle":{"UUID":"","layoutMainAxisSizing":null,"layoutCrossAxisSizing":null,"name":"","isVisible":false,"boundaryRectangle":null,"style":null,"prototypeNodeUUID":"","child":null,"constraints":null,"fontFamily":"Inter","fontPostScriptName":null,"paragraphSpacing":0,"paragraphIndent":0,"listSpacing":0,"italics":null,"fontWeight":500,"fontSize":20.0,"textCase":"ORIGINAL","textDecoration":"NONE","textAutoResize":"WIDTH_AND_HEIGHT","textAlignHorizontal":"LEFT","textAlignVertical":"TOP","letterSpacing":0.15000000596046448,"fills":null,"hyperLink":null,"opentypeFlags":{},"lineHeightPx":24.0,"lineHeightPercent":99.15493774414062,"lineHeightPercentFontSize":120.0,"lineHeightUnit":"PIXELS","pbdlType":"text_style"}}]},"pbdlType":"project","azure_container_uri":"https://pbnestcore.blob.core.windows.net/8ldhbz3uzfmtabfs8oan4f"}